{
  "quiet": {
    "weight": 0.20726450491722204,
    "energy": -0.27787540030031216,
    "warmth": 0.18514304513857513
  },
  "journey": {
    "weight": 0.34748307703243936,
    "energy": 0.18004902117631075,
    "warmth": 0.3379698686930417
  },
  "community": {
    "weight": 0.3926784075157623,
    "energy": 0.21806107485882542,
    "warmth": 0.38312136376922573
  },
  "gentle": {
    "weight": 0.2609107376721335,
    "energy": -0.2588655377321444,
    "warmth": 0.2386282872398399
  },
  "honest": {
    "weight": 0.2632902714268091,
    "energy": 0.10303529626838642,
    "warmth": 0.25449616803599584
  },
  "story": {
    "weight": 0.34811076799629725,
    "energy": 0.1664889594025039,
    "warmth": 0.3373917779257013
  },
  "simple": {
    "weight": 0.2858602676713231,
    "energy": 0.14020349003060312,
    "warmth": 0.27667803200822577
  },
  "fun": {
    "weight": 0.49691937791161583,
    "energy": 0.3769215405818353,
    "warmth": 0.49003261736034737
  },
  "calm": {
    "weight": 0.2268462494698179,
    "energy": -0.31343258876014174,
    "warmth": 0.20239692224167416
  },
  "release": {
    "weight": 0.22317022556309324,
    "energy": 0.3448165063414067,
    "warmth": 0.2246972474367198
  },
  "welcome": {
    "weight": 0.43345460388325907,
    "energy": 0.27888803220466984,
    "warmth": 0.4224208744383167
  },
  "announcing": {
    "weight": 0.34159353335392345,
    "energy": 0.48124564109213136,
    "warmth": 0.3456935404206219
  },
  "enterprise": {
    "weight": -0.15987937094537719,
    "energy": -0.0943895678122423,
    "warmth": -0.15272020845393247
  },
  "acquisition": {
    "weight": 0.005407312585375698,
    "energy": 0.21337381657426102,
    "warmth": 0.03064591834240797
  },
  "fast": {
    "weight": 0.15806112256140586,
    "energy": 0.5625937374088591,
    "warmth": 0.16992077800676447
  },
  "launch": {
    "weight": 0.27313252898352364,
    "energy": 0.5923436353262742,
    "warmth": 0.28085971317361813
  },
  "regulatory": {
    "weight": -0.27805761047575905,
    "energy": -0.216680213171065,
    "warmth": -0.26563152298066667
  },
  "governance": {
    "weight": -0.14642275181843786,
    "energy": -0.1379879741671298,
    "warmth": -0.1340009660246039
  },
  "merger": {
    "weight": 0.018316876111572324,
    "energy": 0.22861546102560715,
    "warmth": 0.04282136282340018
  },
  "orchestration": {
    "weight": -0.13482707038535444,
    "energy": -0.03402289769565139,
    "warmth": -0.12240005847426756
  },
  "infrastructure": {
    "weight": -0.2532503781761846,
    "energy": -0.18985927632246608,
    "warmth": -0.24027252901252105
  },
  "security": {
    "weight": -0.1839340065225426,
    "energy": -0.15392925520694117,
    "warmth": -0.17078317570886237
  },
  "metrics": {
    "weight": -0.17495818384792922,
    "energy": -0.0613394104610799,
    "warmth": -0.16385674801083147
  },
  "technical": {
    "weight": -0.21546243350060598,
    "energy": -0.1248682538426421,
    "warmth": -0.20647198830653243
  },
  "data": {
    "weight": -0.17026710301728312,
    "energy": -0.08685620016012739,
    "warmth": -0.1613204932303485
  },
  "benchmark": {
    "weight": -0.17486173762930118,
    "energy": -0.04327313671288171,
    "warmth": -0.16232978284873778
  },
  "deploy": {
    "weight": 0.16516810211440694,
    "energy": 0.2700198315877198,
    "warmth": 0.16559694337399336
  },
  "update": {
    "weight": 0.12198075028120896,
    "energy": 0.1800797069915943,
    "warmth": 0.12295090316036032
  },
  "architecture": {
    "weight": -0.2230437387189909,
    "energy": -0.15712671715948853,
    "warmth": -0.208906366435394
  },
  "bug": {
    "weight": -0.2173281144511157,
    "energy": -0.02728736124090913,
    "warmth": -0.19684109089162033
  }
}